,Sub,Count
0,HolUp,171
1,teenagers,559
2,cursedcomments,41
3,SuddenlyCommunist,1
4,Cringetopia,39
5,rickroll,42
6,NotHowDrugsWork,1
7,VALORANT,7
8,italy,5
9,Unexpected,78
10,Persona5,13
11,TitanfallMemes,1
12,MechanicAdvice,1
13,rareinsults,10
14,LoveForRedditors,17
15,Nepal,4
16,The8BitRyanReddit,7
17,karma,691
18,Tinder,53
19,starwarsmemes,40
20,interestingasfuck,14
21,FridayNightHighJinks,3
22,pics,41
23,memes,243
24,IdiotsInCars,15
25,destiny2,10
26,satisfying,1
27,robloxhackers,11
28,india,7
29,AmItheAsshole,3
30,mildlyinfuriating,18
31,SpeedOfLobsters,4
32,PoliticalHumor,389
33,TrueOffMyChest,4
34,terriblefacebookmemes,5
35,IndianDankMemes,42
36,jacksepticeye,3
37,mountainbiking,1
38,nextfuckinglevel,48
39,Genshin_Impact,13
40,perfectlycutscreams,6
41,explainlikeimfive,2
42,Genshin_Memepact,19
43,food,1
44,disneyvacation,1
45,Portland,5
46,diaperfur,1
47,dyinglight,2
48,TheLastAirbender,5
49,technology,7
50,MemeVideos,26
51,classicwow,3
52,XiaoMains,1
53,meme,100
54,furry_irl,9
55,CryptoCurrency,26
56,hmm,41
57,conspiracy,12
58,BuyItForLife,1
59,CFB,8
60,PhoenixSC,14
61,therewasanattempt,43
62,oddlysatisfying,6
63,MxRMods,12
64,argentina,14
65,blursed_videos,10
66,news,4
67,Minecrafthmmm,4
68,UFOs,3
69,tacoshackbot,1
70,teenagersbutpog,21
71,PrequelMemes,15
72,NoRulesCalgary,1
73,AnimeFunny,12
74,trees,1
75,soccercirclejerk,3
76,dankmemes,90
77,ontario,4
78,BokuNoHeroAcademia,2
79,gaming,12
80,Naruto,5
81,smashbros,1
82,ClashRoyale,12
83,Breath_of_the_Wild,5
84,DunderMifflin,5
85,de,17
86,characterarcs,1
87,ukpolitics,4
88,AvatarMemes,2
89,werewolfonline,1
90,croatia,11
91,videos,17
92,Autos,1
93,Gamingcirclejerk,7
94,politics,15
95,Denmark,2
96,titanfall,27
97,nonononoyes,10
98,TheVirginZone,1
99,cirkeltrek,2
100,Helltaker,6
101,Superstonk,30
102,amogus,10
103,Augenbleiche,1
104,TimPool,1
105,toarumajutsunoindex,1
106,AskMen,9
107,wholesome,1
108,Psychedelics,1
109,vexillology,6
110,oddlyterrifying,47
111,MFGhost,1
112,todayilearned,18
113,WatchesCirclejerk,3
114,TSLALounge,2
115,undeclared,1
116,Grimdank,8
117,HollowKnightMemes,21
118,wholesomeanimemes,2
119,u_pontras1993,1
120,PoldHub,7
121,196,59
122,facepalm,18
123,HPfanfiction,2
124,ofcoursethatsathing,1
125,asexuality,1
126,LawSchool,1
127,NANIKPosting,25
128,dankinindia,38
129,darksouls,3
130,LoveForNFTs,7
131,Undertale,15
132,unpopularopinion,14
133,arielwinter,1
134,teslore,1
135,NatureIsFuckingLit,4
136,mina_irl,4
137,StickNodes,2
138,Spiderman,11
139,OneSecondBeforeDisast,21
140,cursedindiancomments,1
141,AlternativeCosmere,1
142,MadeMeSmile,11
143,DnD5e,1
144,Music,22
145,marvelmemes,7
146,BattleForDreamIsland,2
147,AskAnAmerican,1
148,GoCommitDie,47
149,Brunei,1
150,Justrolledintotheshop,9
151,whatsthisplant,1
152,tuesday,1
153,feminineboys,1
154,paysafecard,1
155,newzealand,12
156,hentai,3
157,lolgrindr,1
158,wordington,3
159,Animemes,12
160,whenthe,30
161,cromunity,3
162,me_irl,81
163,Warhammer40k,4
164,tf2shitposterclub,9
165,spicypillows,1
166,Damnthatsinteresting,96
167,CumTownChat,2
168,ComedyCemetery,5
169,btd6,9
170,PublicFreakout,42
171,MXRplays,3
172,StupidFood,6
173,musicaljenga,1
174,TenseiSlime,5
175,bloxymemes,3
176,shittydarksouls,1
177,HarryPotterMemes,7
178,Gunners,2
179,YuYuYu,1
180,sunraybee,5
181,videomemes,2
182,TeacherReality,1
183,u_Just_Anotherpeep,1
184,YouShouldKnow,4
185,KGBTR,34
186,norge,5
187,BeAmazed,16
188,VredditDownloader,1
189,JoeRogan,4
190,BlackClover,1
191,aviationmemes,2
192,SnuffyNSFW,1
193,TIHI,28
194,woooosh,18
195,3Blue1Brown,1
196,IndianTeenagers,22
197,Romania,9
198,bicycling,1
199,HumansBeingBros,9
200,androidapps,6
201,technicallythetruth,21
202,masterhacker,76
203,notmycat,4
204,dankvideos,21
205,2balkan4you,7
206,Roxy,9
207,fnafmeme,1
208,SaimanSays,61
209,NonCredibleDefense,3
210,sus,3
211,WinStupidPrizes,7
212,ArtefactPorn,2
213,ToolBand,2
214,UrbanHell,4
215,Swtorhentai,1
216,InfamousOne,1
217,words,1
218,DarkViperAU,7
219,FellowKids,8
220,LouderWithCrowder,1
221,Minecraftbuilds,3
222,Antigaypride,1
223,Showerthoughts,35
224,SuperMegaShow,1
225,indonesia,6
226,KidsAreFuckingStupid,18
227,CrazyFuckingVideos,10
228,Grimes,1
229,CharacterRant,1
230,HUEstation,6
231,Angryupvote,8
232,blursedimages,18
233,mapporncirclejerk,10
234,raimimemes,20
235,PvZHeroes,1
236,Pikmin,2
237,FridayNightFunkin,21
238,NFCNorthMemeWar,2
239,decayingwinter,1
240,anime,6
241,DanTDM,15
242,jerma985,1
243,dannymullen,4
244,CuratedTumblr,6
245,creepy,1
246,LobaMains,1
247,WhitePeopleTwitter,19
248,askgaybros,7
249,ZombsRoyale,1
250,doctorwho,1
251,nottheonion,6
252,bully,1
253,toradora,1
254,SuperMechaChampions,1
255,msp,2
256,BreadTube,1
257,TuberSimulator,1
258,MenTy,14
259,wtfstockphotos,6
260,BabelForum,1
261,somethingimade,4
262,asheville,1
263,Coronavirus,3
264,ich_iel,19
265,wallstreetbets,25
266,AnarchyChess,20
267,HistoryMemes,16
268,teenagersbuthot,5
269,oneshot,2
270,linuxmemes,12
271,Stellaris,1
272,ksi,7
273,AskOuija,12
274,funny,59
275,marvelstudios,6
276,u_josh123z,1
277,legendofkorra,4
278,vexillologycirclejerk,47
279,Pikabu,11
280,sweden,7
281,AlfaOxtrot,1
282,MakeNewFriendsHere,3
283,CombatFootage,2
284,R4Rstralia,3
285,playboicarti,7
286,scottthewoz,4
287,Charadefensesquad,1
288,thatHappened,1
289,absolutelynotme_irl,1
290,GlitchInTheMatrix,2
291,HalfLife,4
292,Doom,11
293,StartledCats,3
294,iphonewallpapers,2
295,ThisButUnironically,1
296,relationship_advice,5
297,ElsaGate,2
298,dogelore,4
299,cats,6
300,shittyama,6
301,amcstock,8
302,HydroHomies,6
303,feemagers,1
304,AskReddit,20
305,wow,4
306,infp,3
307,tennis,1
308,twentyonepilots,2
309,2american4you,1
310,DBZDokkanBattle,1
311,3DS,1
312,conversas,2
313,FlannelGoneWild,1
314,Overwatch_Memes,5
315,NiceHash,1
316,AskWomen,1
317,brasilivre,2
318,nfl,13
319,FortniteCheat,1
320,TwoSentenceHorror,7
321,mbti,5
322,NoRules,8
323,DixxonFlannel_Owners,1
324,CloneWarsMemes,11
325,Beekeeping,1
326,20builders20tools,1
327,SHIBArmy,3
328,Nicegirls,1
329,antiwork,12
330,CallOfDutyMobile,17
331,shittyaskreddit,2
332,coolguides,13
333,JackSucksAtLife,5
334,melbourne,3
335,LeagueOfMemes,27
336,Philippines,12
337,CrabappleMS,2
338,gifs,10
339,lifehacks,1
340,fantanoforever,1
341,dankgentina,13
342,DeathBattleMatchups,10
343,PewdiepieSubmissions,9
344,DanganronpaCringe,1
345,army,3
346,skulduggerypleasant,2
347,egg_irl,5
348,cocktails,1
349,Noearthsociety,1
350,PraeyfortheGods,1
351,lawschooladmissions,1
352,eyeblech,10
353,tacticalgear,2
354,MechanicalKeyboards,2
355,JonathanDale,1
356,arcane,6
357,MoreTankie196,1
358,Bossfight,7
359,bangmybully,1
360,NHLHUT,1
361,PoliticalCompassMemes,25
362,rolltide,1
363,tech,2
364,BanVideoGames,23
365,nuzlocke,1
366,CleaningTips,1
367,PersonalFinanceCanada,4
368,Steam,1
369,minipainting,2
370,BokuNoMetaAcademia,8
371,Glitch_in_the_Matrix,1
372,Ethiopia,1
373,ApexOutlands,4
374,Wellthatsucks,7
375,LivestreamFail,8
376,virginvschad,2
377,Polska,5
378,starterpacks,7
379,Metroid,2
380,maybemaybemaybe,24
381,interesting,1
382,u_ligma_hands,49
383,csgo,3
384,hearthstonecirclejerk,3
385,LesbianInsectBrothel,1
386,chile,12
387,Brawlstars,18
388,AskUK,7
389,Gracewitham,1
390,u_TimeRangerz,1
391,fightporn,2
392,DaKidsReddit,1
393,educationalgifs,3
394,eu4,2
395,AbsoluteUnits,4
396,gmod,4
397,paydaytheheist,2
398,badwomensanatomy,2
399,SonicTheHedgehog,9
400,FingMemes,10
401,Lingualizer,1
402,CODZombies,6
403,2meirl4meirl,6
404,religiousfruitcake,1
405,BossfightUniverseMeme,2
406,ik_ihe,4
407,u_argonaudio-com,1
408,SRGroup,1
409,GrowingMarijuana,1
410,slaythespire,1
411,FriendsOver40,1
412,AUTOMOBILISTA,1
413,okbuddyretard,5
414,bookscirclejerk,1
415,spnati,1
416,DnDcirclejerk,1
417,Hornyjail,7
418,CHIBears,1
419,LateStageCapitalism,178
420,goreandmuchmore,1
421,SVOYtheories,1
422,baseball,4
423,redneckengineering,2
424,IntellectualDarkWeb,1
425,avengedsevenfold,1
426,mkbhd,2
427,iBUYPOWER,1
428,UCSD,1
429,goodanimemes,8
430,Awwducational,3
431,shittymoviedetails,6
432,INTP,3
433,memesITA,51
434,Chodi,4
435,web_design,1
436,AnimalsBeingJerks,3
437,FragReddit,11
438,GME,2
439,Wrangler,1
440,cursed_videomemes,2
441,craftit,1
442,OnionLovers,1
443,MinecraftChampionship,2
444,Kerala,1
445,SquaredCircle,7
446,Bozeman,1
447,badboyhalo,1
448,Sneakers,2
449,iamveryrandom,3
450,Barca,3
451,cowboybebop,2
452,apexlegends,8
453,TeamSky,1
454,Source_Porn,1
455,russia,1
456,sadboys,1
457,awesome,2
458,languagelearning,1
459,NuxTakuSubmissions,6
460,NiceSaveOuija,1
461,holdup,3
462,TheWalkingDeadGame,3
463,elderscrollsonline,3
464,PerfectlyCutBooms,3
465,ConnectionTerminated,1
466,MASFandom,2
467,HinataHentaiLA,1
468,Whatcouldgowrong,9
469,tumblr,5
470,setups,1
471,comics,2
472,fakehistoryporn,2
473,dankruto,9
474,saudiarabia,1
475,Acadiana,7
476,LizzyWurstOF,1
477,gunpolitics,1
478,lostredditors,3
479,preguntaleareddit,1
480,roblox,6
481,SquarePosting,2
482,Cows,1
483,bertstrips,3
484,notinteresting,14
485,AverageBattlestations,1
486,SkyGame,1
487,supersecretyachtclub,5
488,HFY,2
489,samharris,2
490,ItemShop,7
491,CrappyDesign,7
492,GlobalOffensive,6
493,ask,9
494,mmamemes,1
495,thongbodysuit,1
496,aviation,4
497,natureismetal,2
498,battlefield2042,9
499,montenegro,1
500,sportsbook,2
501,Reno,1
502,AccidentalRacism,1
503,AMA,4
504,transgendercirclejerk,4
505,SigmaGrindset,1
506,Slovakia,4
507,Netherlands,2
508,awfuleverything,6
509,NonPoliticalTwitter,5
510,TikTokCringe,6
511,CollegeBasketball,3
512,aww,4
513,crockpot,1
514,YourBizarreAdventure,7
515,srilanka,4
516,medizzy,2
517,FeltGoodComingOut,1
518,thevoice,1
519,AskMiddleEast,5
520,bjj,9
521,Catswithjobs,2
522,khiphop,11
523,ApexUncovered,1
524,enoughpetersonspam,1
525,soccer,8
526,DnD,6
527,RickRollArmy,4
528,KanojoOkarishimasu,1
529,The_Bogdanoff,1
530,MandJTV,4
531,northernireland,1
532,antimeme,12
533,NSFWverifiedamateurs,1
534,SpaceXMasterrace,5
535,trashy,10
536,TeenIndia,5
537,jakertown,2
538,MCUmemes,1
539,DragonsDogma,2
540,chess,5
541,u_RomanYoshi,2
542,PokemonBDSP,1
543,Metallica,4
544,AirForce,3
545,Deltarune,23
546,antinifb,3
547,tooktoomuch,6
548,AnimalsBeingBros,2
549,GuardianTales,1
550,AteThePasta,1
551,combinedgifs,2
552,happy,6
553,dataisbeautiful,3
554,SkyrimMemes,2
555,thomastheplankengine,2
556,BrandNewSentence,7
557,jordan,2
558,badmakeup,1
559,bisexual,2
560,chelseafc,1
561,musicals,1
562,Chiraqology,6
563,trebuchetmemes,9
564,Rifts,1
565,DiWHY,3
566,TDS_Roblox,2
567,u_A1burrit0,1
568,HuTao_Mains,1
569,SrGrafo,1
570,PS5,2
571,90dayfianceuncensored,2
572,brawlstarsmodding,1
573,fantasyfootball,3
574,battlestations,2
575,PhotoshopRequest,2
576,TheBoysChannel,13
577,russian,1
578,BotW_memes,1
579,television,1
580,5nafcirclejerk,1
581,MAAU,13
582,Pareidolia,2
583,AskBalkans,2
584,wallstreetbetsOGs,3
585,Warthunder,6
586,Eldenring,4
587,GameTheorists,2
588,portugal,3
589,Terraria,9
590,offlineTV,1
591,RoughRomanMemes,3
592,oompasubs,3
593,2007scape,6
594,DemonSlayerAnime,3
595,ItalyInformatica,3
596,fuckxavier,2
597,gay,1
598,worldpolitics,1
599,WatchPeopleDieInside,10
600,OnePiece,4
601,Rainbow6,3
602,Ratorix,3
603,stanpegasus,7
604,comedyhomicide,4
605,Borderlands2,1
606,yugioh,1
607,quityourbullshit,1
608,HadesTheGame,1
609,CoachCorySubmissions,3
610,Subliminal,5
611,yerbamate,1
612,u_DiscoverOfficial,1
613,Sidemen,3
614,Hololive,4
615,Ni_Bondha,6
616,banano,2
617,OverSimplified,5
618,asktransgender,1
619,transformers,1
620,RedDeadOnline,9
621,neoliberal,8
622,dndmemes,8
623,Games,1
624,ActualPublicFreakouts,2
625,PUBGNEWSTATE,1
626,algorand,2
627,minnesota,1
628,u_JohanMeatball,1
629,ffxiv,4
630,evilbuildings,2
631,CatsInBusinessAttire,1
632,holdmyfeedingtube,1
633,lingling40hrs,2
634,chungustan,1
635,greentext,10
636,blackmagicfuckery,23
637,WallstreetBetCeption,1
638,TheLeftCantMeme,2
639,F150Lightning,2
640,bitlife,1
641,bulgaria,2
642,SmashBrosUltimate,4
643,HighQualityGifs,1
644,danganronpa,1
645,rance,2
646,AutoLink,2
647,starcitizen,2
648,PS3,1
649,worldnews,16
650,gay_irl,2
651,CrazyIdeas,2
652,AMD_Stock,1
653,steam_giveaway,4
654,sadcringe,3
655,asianpeoplegifs,1
656,chemistry,1
657,thanksihateit,4
658,GirlsxBattle2,3
659,Cricket,17
660,hentaimemes,1
661,megalophobia,3
662,widgy,1
663,BattlefieldV,1
664,Femboyfoxx,1
665,YaeMiko,1
666,southpark,8
667,polls,19
668,japan,2
669,FixedGearBicycle,1
670,linuxquestions,2
671,dadjokes,6
672,HumansAreMetal,1
673,youtube,6
674,myselftime,2
675,ToiletPaperUSA,6
676,cringepics,4
677,space,3
678,MaxVerstappen33,1
679,blankies,1
680,Quebec,1
681,ufc,5
682,u_NaCl_guy,1
683,PurplePillDebate,1
684,longboarding,1
685,Gachaheatisawsome,3
686,darkestdungeon,1
687,ProgrammerHumor,17
688,iiiiiiitttttttttttt,2
689,discordapp,4
690,LiminalSpace,5
691,DetailCraft,1
692,dreamsmp,3
693,mdphd,1
694,CensoredTV,1
695,SuggestALaptop,1
696,australia,3
697,aarava,1
698,BrandNewAnimal,1
699,robloxjailbreak,5
700,DylanteroYT,12
701,Baking,3
702,shittymobilegameads,7
703,DisturbingMovies,1
704,bleach,1
705,casualiama,3
706,ATLA,4
707,AUniversalTime,1
708,femboymemes,1
709,Awww,1
710,shitpostemblem,2
711,Purdue,3
712,mccisland,1
713,BadDesigns,1
714,StoppedWorking,1
715,mexico,5
716,dreamgender,2
717,BossfightUniverse,1
718,PandR,1
719,shitposting,4
720,u_Team_17,1
721,deepwoken,1
722,ChildrenFallingOver,2
723,Jokes,15
724,humansarespaceorcs,2
725,meirl,9
726,aerogarden,1
727,algeria,1
728,mildlyinteresting,22
729,MakeMyCoffin,7
730,AlbedosCreations,1
731,DMAcademy,1
732,thugeshh,1
733,agedlikewine,1
734,BigChungusReligion,3
735,AskRedditAfterDark,7
736,NYCFriends,1
737,gamingmemes,1
738,hiddenimages,1
739,flightradar24,1
740,AskRedditespanol,2
741,CountryhumansCringe,1
742,SteamDeck,2
743,iphone,2
744,Addons4Kodi,1
745,DeepRockGalactic,2
746,distressingmemes,2
747,Paladins,2
748,OnlyFans_Fuckable,1
749,BrandonDE,3
750,AsianThroats,1
751,bigchungusresistance,1
752,FortNiteBR,12
753,test,5
754,FoxFiction,1
755,hockeyjerseys,1
756,unexpectedMontyPython,1
757,WitchesVsPatriarchy,1
758,gifsthatkeepongiving,2
759,okaybuddyretard,1
760,AttackOnRetards,1
761,abandonware,1
762,DanganronpaMemes,1
763,cursedamongus,11
764,GunMemes,3
765,RandomActsofCards,1
766,Rochester,1
767,brasil,3
768,SMG4,5
769,HentaiAndRoleplayy,2
770,BigPPReacts,1
771,AmITheDevil,1
772,NotMyJob,2
773,manga,1
774,u_OfficialMadeon,1
775,MikaylahTwitch,1
776,suddenlysexoffender,5
777,popheads,1
778,RobloxArt,1
779,footballmanager,1
780,mentalhealth,2
781,suspiciouslyspecific,4
782,dubai,2
783,MinecraftMemes,22
784,untrustworthypoptarts,1
785,im14andthisisdeep,4
786,u_liangjianyi,1
787,cursed_banana,1
788,Technoblade,11
789,bloodborne,2
790,nier,2
791,dank_meme,4
792,worldpowers,1
793,edmproduction,1
794,HighStrangeness,1
795,watchthingsfly,1
796,MemetsuNoYaiba,1
797,fivefapsatfreddys,1
798,RepostSleuthCheck,5
799,FortniteCompetitive,2
800,vinyl,2
801,Monsterverse,1
802,thesims,2
803,FemBoys,4
804,jesuschristouija,1
805,AreTheCisOk,1
806,NoStupidQuestions,4
807,InfowarriorRides,1
808,softwaregore,1
809,SFGiants,1
810,bindingofisaac,2
811,Persecutionfetish,2
812,GoodFakeTexts,2
813,osugame,2
814,Moviesinthemaking,1
815,neopets,1
816,u_purrplecatmusic,1
817,desabafos,3
818,CaptainSparklez,1
819,HunterXHunter,2
820,Astroneer,1
821,Socksfor1Submissions,7
822,Gameboy,3
823,Austria,5
824,howto,2
825,Logic_301,2
826,comedyheaven,2
827,xbox,1
828,tasker,2
829,airsoft,2
830,RoastMe,2
831,phish,1
832,KingCrimsonCircleJerk,1
833,TimeworksSubmissions,12
834,entertainment,3
835,ItaliaPersonalFinance,1
836,DaniDev,12
837,PetTheDamnCat,1
838,cursedmemes,3
839,Bitcoin,6
840,latestonlyfansporn,1
841,OculusQuest,5
842,Simracingstewards,1
843,ASX_Bets,2
844,WayOfTheBern,1
845,AmazonAnswers,1
846,UCI,1
847,Chennai,1
848,MEOW_IRL,3
849,tf2,14
850,u_TrickyPresence4543,1
851,u_lightyearai,1
852,TrueFilm,1
853,copypasta,16
854,u_CummyBot2000_v2,1
855,PhantomForces,3
856,superhot,1
857,EliteDangerous,2
858,blender,4
859,playstation,2
860,liluzivert,1
861,DeathStranding,1
862,fallenlondon,1
863,HPHogwartsMystery,1
864,SpoiledDragRace,1
865,wikipedia,1
866,brooklynninenine,3
867,quiver,1
868,loopringorg,4
869,RepostSleuthBot,1
870,heterophobes,1
871,3dspiracy,1
872,msu,4
873,motorcycles,2
874,SpidermanPS4,1
875,scarlxrd,1
876,DuelLinks,4
877,trippinthroughtime,4
878,KansasCityChiefs,1
879,Seattle,2
880,MurderDrones,1
881,NEU,2
882,KOTORmemes,1
883,mildlysatisfying,2
884,okbuddychicanery,7
885,Eesti,4
886,BeurspleinBets,1
887,Scotland,1
888,Christianity,3
889,finalfantasyx,1
890,hentaibondage,2
891,subnautica,7
892,ShitPostCrusaders,6
893,formuladank,9
894,Epicentr,3
895,nederlands,1
896,malaysia,4
897,runescape,4
898,SynapseX,2
899,AskAGerman,1
900,ShermanPosting,1
901,DJs,1
902,u_AltC25,3
903,IAmTheMainCharacter,1
904,instant_regret,4
905,sheetmusic,1
906,funnysigns,3
907,yakuzagames,3
908,EscapefromTarkov,3
909,haloinfinite,3
910,u_TheGuyWhoCameBack,1
911,WizTheLich,4
912,nova,1
913,2hujerk,1
914,MinecraftCommands,2
915,bayarea,1
916,BirdsArentReal,3
917,PuertoRico,1
918,TheOwlHouse,6
919,Documentaries,2
920,RocketLeague,4
921,askteenboys,10
922,barleygang,3
923,ThatsInsane,7
924,shittysuperpowers,1
925,Miniworlds,3
926,projectzomboid,1
927,neoconNWO,1
928,fivenightsatfreddys,3
929,averageredditor,1
930,SuddenlyCommunism,1
931,civ_memes,1
932,france,4
933,LifeProTips,3
934,TheWeeknd,1
935,debian,1
936,delta8,1
937,norsemythology,1
938,CarolineMoore,13
939,desi,1
940,OddSatisfying,1
941,u_sophiaemilia,1
942,slimerancher,1
943,Sekiro,7
944,shitpostbound,1
945,socialhoes,1
946,indiasocial,6
947,HazbinOCRoleplay,1
948,vinyljerk,2
949,assholedesign,9
950,Heaterz,1
951,MADFUT,1
952,SeattleWA,1
953,memeframe,3
954,Wallstreetsilver,2
955,NewVegasMemes,2
956,rollercoasterjerk,2
957,DragonballLegends,1
958,malelivingspace,3
959,Cursed_Images,3
960,ender3,4
961,MilitaryPorn,3
962,Honolulu,1
963,VirginiaBeach,1
964,AmazonFC,1
965,foreignservice,1
966,FORTnITE,2
967,Firearms,4
968,guitarporn,1
969,soundcloud,1
970,madnesscombat,4
971,WiiUHacks,1
972,nostalgia,2
973,HaloMemes,1
974,beatles,3
975,SiliconValleyHBO,1
976,NBA2k,1
977,memearchives,1
978,SpidermanNoWayHome,6
979,UpliftingNews,2
980,dogecoin,3
981,LesionsOnSkanks,1
982,PremierLeague,1
983,Videos_Free,1
984,WTF,6
985,AdamCarolla,1
986,xqcow,8
987,JuJutsuKaisen,2
988,hmmm,4
989,TerrariaMemes,5
990,LabiaGW,1
991,Piracy,3
992,Totaldrama,1
993,goldenretrievers,1
994,vmware,1
995,aoe2,3
996,self,1
997,DragonBallXenoverse2,1
998,PeopleFuckingDying,4
999,karens,1
1000,AnimeMeme,6
1001,RBI,2
1002,stocks,3
1003,EmKay,3
1004,SpongebobMemes,1
1005,SECPigskin,1
1006,pharmacy,1
1007,finance,1
1008,ExplainTheJoke,1
1009,MyAnimeList,2
1010,yesyesyesyesno,5
1011,Izlam,1
1012,OnePunchMan,7
1013,unfortunateplacement,1
1014,warzonehacking,1
1015,Kengan_Ashura,17
1016,antivirus,1
1017,nukedmemes,4
1018,KaynMains,1
1019,DesignPorn,3
1020,ATBGE,3
1021,HistoricalCombatMemes,1
1022,deadbydaylight,5
1023,CreaturesofSonaria,1
1024,learnpython,3
1025,Dank,1
1026,GraphiteArt,1
1027,GiftofGames,1
1028,lostgeneration,2
1029,PixelArt,1
1030,findareddit,1
1031,AskLosAngeles,1
1032,StarWarsLeaks,1
1033,PergunteReddit,1
1034,Encanto,1
1035,oddlyspecific,7
1036,void_memes,1
1037,AnimalsBeingDerps,4
1038,7DSHentai,1
1039,BlatantMisogyny,1
1040,TwoSentenceSadness,1
1041,MapPorn,3
1042,dioamogus,1
1043,u_FIMAS_11,1
1044,pykemains,1
1045,dauntless,1
1046,u_God_Grid_999,1
1047,Anticonsumption,1
1048,TeenagersITA,5
1049,RogueCompany,2
1050,idleapocalypse,1
1051,intel,1
1052,DiscoElysium,2
1053,TalesFromProgrammers,1
1054,crtgaming,1
1055,YuB,13
1056,lotrmemes,4
1057,BackdoorGoRe,3
1058,HeyImBeePics,1
1059,Bad_Cop_No_Donut,1
1060,peoplejustdonothing,1
1061,gifsthatendtoosoon,2
1062,initiald,2
1063,Outdoors,1
1064,Chinesium,1
1065,CoronavirusDownunder,2
1066,BigBrownAreolas,1
1067,u_Newdadmichael,2
1068,bsv,1
1069,Bass,2
1070,creampiehentai,1
1071,DonToliver,1
1072,PinkFloydCircleJerk,3
1073,battles2,4
1074,bigfoot,1
1075,chch,1
1076,mommybully,1
1077,palegirls,1
1078,asiangirlsforwhitemen,1
1079,BustyPetite,1
1080,kickopenthedoor,7
1081,linuxmint,1
1082,Destiny,2
1083,TeslaLightShow,1
1084,albania,1
1085,elonmusk,1
1086,u_KeySugar9012,1
1087,RandomActsOfGaming,17
1088,Asmongold,2
1089,bostonceltics,1
1090,insanepeoplefacebook,3
1091,FloridaMan,1
1092,reactiongifs,1
1093,entj,1
1094,OKbuddyHalfLife,1
1095,AreTheStraightsOK,1
1096,freefolk,2
1097,MadeMeCry,3
1098,ChoosingBeggars,5
1099,IncelTear,1
1100,u_bby_beelzebub,1
1101,mathmemes,11
1102,CricketShitpost,3
1103,Kenya,1
1104,AntiMemes,1
1105,onejob,2
1106,Python,1
1107,IndianGaming,4
1108,oculus,3
1109,NinjaKiwiOfficial,1
1110,weightgainhentai,1
1111,AustralianPolitics,1
1112,IndoorGarden,1
1113,translator,1
1114,AskALiberal,2
1115,PieFM,1
1116,apexmemes,1
1117,CelebBattles,1
1118,MadeInAbyss,1
1119,RocketLeagueEsports,1
1120,walmart,2
1121,playrust,1
1122,Cookierun,3
1123,ambien,2
1124,askcarsales,1
1125,evangelionmemes,2
1126,psychology,1
1127,imatotalpeiceofshit,1
1128,NoahGetTheBoat,3
1129,xboxone,4
1130,AIDungeon,1
1131,HonzukiNoGekokujou,1
1132,shrooms,2
1133,600euro,2
1134,GaySoundsShitposts,5
1135,reddeadredemption,4
1136,Mordhau,1
1137,4PanelCringe,1
1138,mylittlepony,3
1139,u_devsfordevs,1
1140,FantasyPL,2
1141,lgbt,1
1142,webcomics,1
1143,PornhubComments,5
1144,secretcompartments,2
1145,nevertellmetheodds,1
1146,labrats,1
1147,Yukinoshitayukino,1
1148,czech,2
1149,OreGairuSNAFU,1
1150,redditmobile,1
1151,ShuumatsuNoValkyrie,1
1152,UsernameChecksOut,1
1153,u_Top-Train-8890,1
1154,pcmasterrace,15
1155,ScienceBasedParenting,2
1156,Xoxobebe,1
1157,F1Porn,3
1158,UnderTail,1
1159,GenshinImpactNSFW,1
1160,StarWarsBattlefront,3
1161,RandomThoughts,6
1162,bonehurtingjuice,1
1163,woodworking,1
1164,reallifedoodles,1
1165,de_IAmA,1
1166,Cartalk,1
1167,swordartonline,3
1168,wiedzmin,1
1169,SweatyPalms,6
1170,moviescirclejerk,1
1171,cripplingalcoholism,1
1172,SocialJusticeInAction,1
1173,pcgaming,4
1174,PlipPlip,3
1175,holdmycosmo,2
1176,Humanoidencounters,1
1177,onguardforthee,1
1178,blessedimages,3
1179,greece,1
1180,insects,1
1181,u_nicolebun,1
1182,GetMotivated,5
1183,grandorder,1
1184,funnyvideos,4
1185,linux,1
1186,Apandah,2
1187,Dabs,1
1188,CarryMinati,1
1189,anime_nsfw,1
1190,britishcolumbia,2
1191,ACAB,2
1192,nursing,1
1193,Formula1Point5,1
1194,yesyesyesno,2
1195,PERSoNA,1
1196,bi_irl,1
1197,zelda,2
1198,CODWarzone,5
1199,CasualUK,9
1200,GuitarAmps,2
1201,baduk,1
1202,videography,1
1203,PS4,3
1204,AddisonRae,1
1205,Animedubs,1
1206,CallMeCarson,1
1207,LeopardsAteMyFace,1
1208,whathername,1
1209,Nijisanji,1
1210,Target,1
1211,InfiniteTD6,1
1212,Ticos,1
1213,BladeAndSorcery,1
1214,jschlatt,2
1215,KrunkerIO,1
1216,lebanon,1
1217,uwu,2
1218,StarWars,7
1219,u_Go_W1th_Christ,1
1220,youtubedl,3
1221,climbing,1
1222,DevilMayCry,1
1223,CSRRacing2,1
1224,SubSimGPT2Interactive,3
1225,TransDIY,1
1226,swans,1
1227,KarmaRoulette,2
1228,vancouver,1
1229,OkBrawlerRetard,3
1230,ucla,1
1231,PhonesAreBad,1
1232,teslamotors,2
1233,starcraft,1
1234,okbuddybaka,2
1235,Doggystyle_NSFW,1
1236,Konosuba,1
1237,Warzone,2
1238,CODVanguard,3
1239,HAWKEYE,1
1240,Sneks,1
1241,startrekmemes,1
1242,data,1
1243,SonicTheMovie,2
1244,trynottolaugh,1
1245,BoiCentral,1
1246,Unnormal,1
1247,smallengines,1
1248,malefashionadvice,1
1249,AAAAAAAAAAAAAAAAA,3
1250,MandelaCatalogue,1
1251,physicsmemes,2
1252,electronic_cigarette,1
1253,DasPodcastUfo,1
1254,playboicartihentai,3
1255,glasgow,1
1256,TheClickOwO,1
1257,WorldOfWarships,1
1258,DiretoDoZapZap,1
1259,Megumin,1
1260,AntiVaxxers,2
1261,JustLearnedTheFWord,1
1262,TinyRails,1
1263,perth,1
1264,DarlingInTheMemes,1
1265,gayspiderbrothel,2
1266,succulents,1
1267,fixedbytheduet,2
1268,HenryStickmin,1
1269,geometrydash,6
1270,u_Top-OP,1
1271,SkincareAddicts,1
1272,ihaveihaveihavereddit,1
1273,premed,1
1274,TheMonkeysPaw,1
1275,tifu,7
1276,SafeMoon,2
1277,Witcher3,1
1278,suddenlycaralho,1
1279,GameDeals,2
1280,clowncore,1
1281,MemePiece,1
1282,CSUS,1
1283,plants,1
1284,ExpansionHentai,1
1285,exmormon,1
1286,SKlauncher,1
1287,LongTimeNoSee,1
1288,evangelion,1
1289,hungary,8
1290,NintendoSwitch,7
1291,u_Moa_81,1
1292,riskofrain,3
1293,ClashRoyaleCirclejerk,2
1294,MyHeroAcadamia,2
1295,gravityfalls,1
1296,options,2
1297,NintendoMemes,3
1298,TiktokCringeTime,1
1299,AskTeenGirls,2
1300,Rardit,1
1301,singapore,2
1302,wholesomegreentext,1
1303,Kryptostrassenwetten,2
1304,overlord,1
1305,whatisthiscar,2
1306,u_PlayStationDE,2
1307,MobileLegendsGame,7
1308,Louisville,1
1309,GradeAUnderA,1
1310,shinygodfanpage,1
1311,FNaFCringeGachaShit,1
1312,Welding,1
1313,NarcoFootage,3
1314,PokemonTCG,3
1315,redditmixer,2
1316,Lindsey_K,1
1317,LosAngeles,2
1318,AttackOnTitties,1
1319,justneckbeardthings,6
1320,OutOfTheLoop,1
1321,Perfectfit,2
1322,HannibalTV,1
1323,airpods,1
1324,zilliqa,1
1325,Yointerneto,1
1326,OmniscientReader,1
1327,linuxmasterrace,2
1328,MoldyMemes,7
1329,spacex,2
1330,scratch,1
1331,WhatsWrongWithYourDog,2
1332,defi,1
1333,TMNT,1
1334,IASIP,2
1335,afkarena,1
1336,trt,2
1337,theticket,1
1338,biology,1
1339,PokemonSwordAndShield,5
1340,forhonor,3
1341,VRGaming,2
1342,Golfwang,1
1343,keoXer,5
1344,Lesbian_gifs,1
1345,Mujico,7
1346,OMORI,2
1347,confidentlyincorrect,9
1348,headphones,1
1349,WritingPrompts,1
1350,deviantarthell,1
1351,myheroacademiahentai,1
1352,madlads,1
1353,Slovenia,1
1354,NaughtyWhores,1
1355,nba,9
1356,RedLetterMedia,1
1357,GifsOfRemoval,1
1358,earlsweatshirt,2
1359,OkBuddyPoliceOfficer,1
1360,RedditsMuseumofFilth,1
1361,PoppyPlaytime,1
1362,NSFL__,5
1363,Syracuse_comments,1
1364,DestinyTheGame,1
1365,wildhockey,1
1366,DerScheisser,1
1367,WorldOfTanksBlitz,2
1368,BruceDropEmOff,1
1369,rccars,4
1370,Mewgulf_the_series,1
1371,LitterboxComics,1
1372,WorldofTanksConsole,2
1373,movies,6
1374,Diablo,1
1375,5b5t,1
1376,teenagersnew,1
1377,h3h3productions,5
1378,Egypt,2
1379,ebikes,1
1380,Forsvaret,2
1381,TheRealJoke,1
1382,goodmythicalmorning,1
1383,MemeTemplatesOfficial,5
1384,Hololewd,1
1385,whoosh,1
1386,EdmontonOilers,1
1387,notjustbikes,1
1388,miraculousladybug,1
1389,Cosmos,1
1390,Munich,1
1391,sydney,3
1392,berserklejerk,2
1393,unixporn,2
1394,u_FilipsDrag0n,1
1395,ElectroBOOM,1
1396,ARK,2
1397,ShitAmericansSay,1
1398,ThreadGames,1
1399,PlantsVSZombies,5
1400,okbuddyheretic,1
1401,simracing,2
1402,dankrishu,5
1403,harrypotter,1
1404,Gundam,1
1405,ZeldaMemes,1
1406,lonely,1
1407,pokemongo,3
1408,MaximillianMus,2
1409,Seahawks,1
1410,school_memes,1
1411,KomiLewd,1
1412,macmini,1
1413,SauceSharingCommunity,1
1414,ak47,2
1415,Hoocoodanode,1
1416,sgiwhistleblowers,1
1417,PoliticsPeopleTwitter,1
1418,learnprogramming,1
1419,u_postale_io,1
1420,sissyhypno,1
1421,wholesomejojo,1
1422,Transformemes,1
1423,carolinekonstnar,1
1424,Trombone,1
1425,kurzgesagt,2
1426,ApexConsole,1
1427,louisck,1
1428,houkai3rd,1
1429,Arrasio,1
1430,HIMYM,1
1431,CoronavirusDACH,1
1432,specializedtools,1
1433,FullmetalAlchemist,1
1434,StreamersCheating,2
1435,QuotesPorn,1
1436,Cubers,1
1437,deathbattle,12
1438,mariokart,1
1439,MassiveCock,1
1440,romemes,2
1441,F1NN5TER,1
1442,saltywhites,1
1443,MultiVersus,1
1444,PunishingGrayRaven,1
1445,JakePaulvsWoodley,1
1446,ThreshMains,1
1447,MosinNagant,1
1448,troll,1
1449,SkullGirlsMobile,1
1450,valheim,1
1451,aaaaaaacccccccce,4
1452,nsfwhardcore,2
1453,ForzaHorizon,3
1454,PeopleBeingJerks,1
1455,chickens,1
1456,mead,1
1457,pisscommenting,1
1458,SubredditDrama,1
1459,RandomActsOfTf2,1
1460,FlyFishingCircleJerk,1
1461,Boruto,4
1462,u_Traditional-Tea-522,1
1463,magicthecirclejerking,4
1464,Kingcityy,1
1465,GamingLeaksAndRumours,1
1466,Kerddit,1
1467,EnterTheGungeon,1
1468,ABoringDystopia,6
1469,theOriginalMusic,6
1470,noida,1
1471,minecraftseeds,2
1472,Gta5Modding,1
1473,AlzheimersGroup,1
1474,DotA2,3
1475,BreathingBuddies,2
1476,u_Appreh_takehasi15,1
1477,LinusTechTips,3
1478,lightsabers,1
1479,Scams,1
1480,Boxing,1
1481,ColdWarCallofDuty,1
1482,puns,4
1483,u_random-homo-sapien,1
1484,HelluvaBoss,1
1485,Libertarian,1
1486,FFVIIRemake,1
1487,antitheistcheesecake,2
1488,thrembo,1
1489,ActionFigures,1
1490,OkBrudiMongo,1
1491,HumanDrivenCars,1
1492,birding,1
1493,ZonaEnts,1
1494,Chromecast,1
1495,orslokx,7
1496,eagles,2
1497,StardewValley,2
1498,XGSCommunity,1
1499,BMW,2
1500,NoWayHome,1
1501,baseballcirclejerk,1
1502,uwaterloo,1
1503,FragileWhiteRedditor,1
1504,GamersBeingBros,1
1505,wholesomememes,1
1506,mildlypenis,4
1507,PartyParrot,1
1508,MarchAgainstNazis,2
1509,indiadiscussion,1
1510,Cornell,2
1511,ireland,7
1512,flashlight,1
1513,TrashTaste,1
1514,TouchThaFishy,2
1515,WalgreensStores,1
1516,GTAV,1
1517,SCP682,1
1518,cremposting,6
1519,miragemains,1
1520,gachagaming,1
1521,Techno,1
1522,entp,2
1523,iZone,1
1524,YuGiOhMemes,1
1525,SamayRaina,3
1526,wheeloftime,1
1527,betterCallSaul,2
1528,mkd,1
1529,cursedimages,1
1530,bwc,1
1531,Economics,1
1532,BitLifeApp,4
1533,BleachBraveSouls,1
1534,formula1,13
1535,Harley,1
1536,EntitledBitch,1
1537,Bedwars,1
1538,JEENEETards,7
1539,Hasan_Piker,1
1540,redstone,3
1541,MCPE,2
1542,whowouldwin,6
1543,UBreddit,1
1544,DreamWasTaken,2
1545,questions,3
1546,CountingTo100Million,1
1547,Miata,1
1548,germany,1
1549,Ningen,1
1550,Cloud9,1
1551,savedyouaclick,1
1552,amiketti,1
1553,ArtistLounge,1
1554,Dreamhate,1
1555,stalker,1
1556,nbacirclejerk,1
1557,rapbattles,1
1558,ScrapMechanic,3
1559,changemyview,1
1560,TechNope,1
1561,NostalgiaMusic,1
1562,WhatAWeeb,1
1563,AskGaybrosOver30,1
1564,iRacing,1
1565,europe,2
1566,NanatsunoTaizai,1
1567,OTMemes,3
1568,VeteransBenefits,1
1569,Herdyn,1
1570,MontanaPolitics,1
1571,aliens,3
1572,historymatters,1
1573,PrivacyGuides,1
1574,pornID,1
1575,Ranboo,1
1576,CBSE,2
1577,BasketballTips,1
1578,Finanzen,1
1579,animegifs,1
1580,pyrocynical,1
1581,HealthHelpAdvice,6
1582,fosscad,1
1583,IST,1
1584,Tenkaichi,1
1585,RCB,1
1586,KingdomHearts,1
1587,Philza,2
1588,MonsterGirls,1
1589,guitarlessons,1
1590,FallGuysGame,1
1591,UAE,1
1592,GODZILLA,1
1593,anime_irl,2
1594,preppers,1
1595,thalassophobia,1
1596,ObscureDrugs,1
1597,EDM,2
1598,FuckCilantro,1
1599,asstopussy,1
1600,Audi,1
1601,hockey,2
1602,youngpeopleyoutube,1
1603,HotWheels,2
1604,OT_Memes,1
1605,RpVoid,1
1606,futurama,1
1607,nihonkoku_shoukan,1
1608,xsmallgirls,1
1609,newhampshire,1
1610,Maplestory,1
1611,wlw_irl,1
1612,196x,1
1613,BratLife,1
1614,MonsterGirl,1
1615,fatestaynight,1
1616,unitedstatesofindia,2
1617,BoneAppleTea,1
1618,tylerthecreator,1
1619,HazbinHotel,1
1620,sysadmin,2
1621,late,1
1622,HistoryPorn,1
1623,lostpause,3
1624,belgium,1
1625,ottawa,4
1626,0sanitymemes,2
1627,Chattanooga,1
1628,Genshin_Impact_Leaks,1
1629,mysticmessenger,1
1630,GenZedong,3
1631,SomeOrdinaryGmrs,1
1632,tokkiefeesboek,2
1633,PraiseTheCameraMan,1
1634,MemriTVmemes,3
1635,k_on,1
1636,doodoofard,1
1637,musicsuggestions,1
1638,MrBeast,1
1639,coys,1
1640,catpics,1
1641,radioheadcirclejerk,2
1642,Chivalry2,3
1643,justa,1
1644,underlords,1
1645,Millions,1
1646,NoWayHomeLeaks,5
1647,banned,2
1648,TheDragonPrince,2
1649,daddyjizz,1
1650,CasualConversation,2
1651,OculusQuest2,1
1652,Fingerboards,2
1653,u_Poketsaiyan,1
1654,woahdude,1
1655,TheCivilAlienForum,1
1656,AteTheOnion,2
1657,tcap,1
1658,21stCenturyHumour,1
1659,screenshotsarehard,1
1660,VirtualYoutubers,1
1661,Ninjago,1
1662,ShittyLifeProTips,1
1663,boobs,1
1664,wasletztepreis,2
1665,moistcr1tikal,1
1666,EngineeringPorn,2
1667,jgrxxn,1
1668,howardstern,1
1669,mauerstrassenwetten,23
1670,splatoon,1
1671,serbia,2
1672,gnome,1
1673,MarioKartTour,1
1674,u_Crypto_Com_Official,2
1675,killthecameraman,1
1676,Augenschmaus,1
1677,DestinyFashion,1
1678,PLTR,1
1679,imsorryjon,1
1680,walkingwarrobots,2
1681,nattyorjuice,1
1682,AdobeIllustrator,1
1683,VelvetVeil,1
1684,cardano,2
1685,discworld,2
1686,The10thDentist,2
1687,Art,1
1688,TheRightCantMeme,1
1689,shittytechnicals,1
1690,animetm,2
1691,oldbabies,1
1692,celestegame,2
1693,nipplepiercings,1
1694,AnimeSketch,1
1695,SpecialSnowflake,1
1696,FortniteCreative,1
1697,ihavesex,2
1698,TheRatEmpire,2
1699,lastfm,1
1700,BatmanArkham,2
1701,internet_funeral,1
1702,skiing,1
1703,leetcode,1
1704,buildapc,1
1705,Jaguars,1
1706,ForHonorRants,2
1707,Imkindabored_,1
1708,TeenagersButBetter,3
1709,IndiaNostalgia,1
1710,HighschoolDxD,1
1711,Morrowind,2
1712,HermanCainAward,3
1713,BoJackHorseman,1
1714,Duklock,1
1715,HungryArtists,1
1716,everything,1
1717,Spielstopp,1
1718,frogs,2
1719,PCM,1
1720,Rivenmains,2
1721,dayz,1
1722,imaginarymaps,3
1723,MatthiasSubmissions,1
1724,neutralmilkhotel,1
1725,skyrim,4
1726,Tyranids,1
1727,node,1
1728,Indiangirlsontinder,1
1729,samsung,1
1730,RepTime,2
1731,Smite,1
1732,Tekken,2
1733,BeeSwarmSimulator,1
1734,fo76FilthyCasuals,1
1735,webdev,1
1736,moreplatesmoredates,1
1737,Marvel,1
1738,thelastofus,1
1739,RocketLeagueExchange,1
1740,jpop,1
1741,attackontitan,1
1742,joinsquad,1
1743,MemeEconomy,4
1744,circlejerk,3
1745,JoJoMemes,3
1746,NewOrleans,1
1747,MemeHunter,1
1748,OPBR,1
1749,Battlefield,4
1750,ByzantineMemes,2
1751,JusticeServed,1
1752,Shibainucoin,1
1753,PenmanshipPorn,1
1754,OldPhotosInRealLife,3
1755,cro,1
1756,TrueSTL,1
1757,MemeSmiet,1
1758,DarlingInTheFranxx,1
1759,castlevania,1
1760,xenogendercringe,1
1761,Unextexted,1
1762,crochet,1
1763,Silmarillionmemes,1
1764,Kanye,6
1765,redditmoment,1
1766,Vanced,1
1767,EliteNetflix,1
1768,TheStrokes,1
1769,Elevators,1
1770,RustyCage,2
1771,Argaming,1
1772,gwent,1
1773,yinyleon,1
1774,HybridAnimalsGame,2
1775,Hacking_Tutorials,1
1776,actuary,1
1777,SweetHomeAlabama,1
1778,BisexualFrogs,1
1779,Peterborough,1
1780,ween,1
1781,wisconsin,1
1782,Cr1TiKaL,1
1783,PrincessesOfPower,1
1784,HikaruNakamura,3
1785,Warframe,1
1786,tommyinnit,2
1787,CryptoMarkets,1
1788,BigBoobWorld,1
1789,SchoolMemess,1
1790,wowthissubexists,2
1791,SuddenlyIncest,2
1792,apple,2
1793,Simulated,1
1794,extremelyinfuriating,1
1795,VocabWordOfTheDay,1
1796,PiratedGames,1
1797,ShittyGifRecipes,1
1798,confession,1
1799,Cello,1
1800,2MiddleEast4you,2
1801,ComedyNecrophilia,2
1802,spain,1
1803,burdurland,3
1804,mahluna,1
1805,toptalent,1
1806,aggies,1
1807,wilbursoot,1
1808,metalgearsolid,2
1809,femboy,2
1810,cringe,1
1811,cute,1
1812,canucks,2
1813,CannabisExtracts,1
1814,cursedvideos,1
1815,electricians,1
1816,CollegeAmateurs,1
1817,Glocks,1
1818,arabfunny,1
1819,TeslaModel3,1
1820,PardonMyTake,1
1821,FansHansenvsPredator,2
1822,Eminem,2
1823,likeus,1
1824,memesopdidntlike,1
1825,FuckYouKaren,3
1826,SignoraMains,1
1827,u_primozaDE,2
1828,fnki,1
1829,cyberpunkgame,1
1830,OkBuddyPersona,1
1831,Cyberpunk,1
1832,Overwatch,1
1833,ReadyOrNotGame,1
1834,Amoledbackgrounds,1
1835,youseeingthisshit,6
1836,walkaway,1
1837,starwarsrebelsmemes,1
1838,okbuddygenshin,1
1839,quin69,1
1840,confessions,2
1841,ethereum,1
1842,ontheledgeandshit,19
1843,avatarprequelmemes,1
1844,pussy,5
1845,RetroArch,1
1846,prisonarchitect,1
1847,nfsnolimits,1
1848,TheMotte,1
1849,WhoShouldICosplay,1
1850,Tinderpickuplines,1
1851,PropagandaPosters,1
1852,InternetIsBeautiful,3
1853,narutomemes,2
1854,hypixel,1
1855,AskIndia,1
1856,raerth,1
1857,bruhmoment,1
1858,YoutubeMusic,1
1859,Spokane,1
1860,AnimeMusicVideos,1
1861,RealBeesFakeTopHats,1
1862,blackhumor,1
1863,BeelcitosMemes,1
1864,TVTooHigh,1
1865,jakeandamir,1
1866,MarvelStrikeForce,1
1867,animememes,2
1868,witcher,1
1869,achumacirclejerk,1
1870,TrueUnpopularOpinion,2
1871,13or30,2
1872,gravelcycling,1
1873,Monitors,1
1874,Eragon,1
1875,mangaswap,1
1876,BetterEveryLoop,1
1877,hiking,1
1878,noita,1
1879,pokemonanime,1
1880,HelplessHentai,1
1881,WTFaucet,1
1882,angrybirds,1
1883,boston,2
1884,ShingekiNoKyojin,2
1885,masseffect,1
1886,IAmA,1
1887,celebnsfw,1
1888,ComedyHell,1
1889,mercedes_benz,1
1890,brandnew,1
1891,u_Lost-Gravity,1
1892,FNIA,1
1893,ClashOfClans,4
1894,SuccessionTV,1
1895,TheLongLived,1
1896,IllegalLifeProTips,1
1897,tf2memes,1
1898,ifyoulikeblank,1
1899,LipsThatGrip,1
1900,poopstar,1
1901,hamiltonmemes,1
1902,Wizard101,1
1903,AppleMusic,1
1904,unpopularopinionSE,1
1905,iNoobChannel,1
1906,AskThe_Donald,1
1907,PixelGun,1
1908,bmpcc,1
1909,FinalFantasy,1
1910,mechanical_gifs,2
1911,DoniBobes,1
1912,blog,1
1913,GoldandBlack,1
1914,pesmobile,1
1915,stupid,1
1916,fo76,1
1917,3Dprinting,2
1918,fakecartridges,1
1919,ScenesFromAHat,1
1920,TheLetterH,1
1921,spotify,1
1922,AmongUs,3
1923,holdmybeer,1
1924,peakdesign,1
1925,MorbidReality,1
1926,newworldgame,3
1927,NolanBatmanMemes,2
1928,mildyinfuriating,1
1929,humour,1
1930,LigaMX,1
1931,makeyourchoice,1
1932,CultofGonk,1
1933,technews,1
1934,gusjohnson,1
1935,FnfCringe,3
1936,Nodle,1
1937,prettyaltgirls,1
1938,cernercorporation,1
1939,pornfree,1
1940,Filmmakers,1
1941,EXHINDU,1
1942,MonkeySimonOfficial,1
1943,Arthur,1
1944,traaaaaaannnnnnnnnns,1
1945,TectEGG,1
1946,suicidebywords,1
1947,Seaofthieves,1
1948,shavedpussies,2
1949,malaysians,1
1950,OSHA,1
1951,MakeMeSuffer,2
1952,WeWantPlates,2
1953,thanksimcured,2
1954,Plumbing,1
1955,TeamSolomid,2
1956,aoe3,1
1957,ar15,1
1958,promos,1
1959,dontflinch,1
1960,pointlesslygendered,2
1961,iamverybadass,1
1962,ultralight_jerk,3
1963,NorthCarolina,2
1964,WarriorCats,1
1965,Montana,1
1966,rarepuppers,1
1967,ROOMSYX,1
1968,weed,1
1969,CapitolConsequences,1
1970,ShouldIbuythisgame,1
1971,LSD,1
1972,programiranje,1
1973,TheSantaAnaWinds,1
1974,ledgerwallet,1
1975,learnmath,1
1976,dontyouknowwhoiam,1
1977,bukowski,2
1978,blessedcomments,1
1979,canberra,1
1980,UMD,2
1981,WhatsWrongWithYourCat,1
1982,GachaClubCringe,3
1983,CitiesSkylines,1
1984,WormFanfic,1
1985,fo4,1
1986,Shittyaskflying,1
1987,washingtonNFL,1
1988,FacialFun,1
1989,Bondage,1
1990,ralsei,3
1991,LaCasaDePapel,1
1992,papgrappen,1
1993,deathgrips,1
1994,darksouls3,2
1995,Hard_Flaccid,1
1996,FuckNestle,1
1997,darksoulsmemes,1
1998,bih,1
1999,CowChop,2
2000,osureport,1
2001,hypotheticalsituation,1
2002,IdiotsFightingThings,1
2003,TurkeyJerky,1
2004,deadandcompany,1
2005,2b2t,1
2006,kraccbacc,1
2007,R6Memes,1
2008,NASCAR,1
2009,u_scarecrow9281,1
2010,nothingeverhappens,2
2011,swtor,1
2012,WKUK,1
2013,intj,1
2014,u_NattieBlues,1
2015,Raccoons,1
2016,foundthemobileuser,2
2017,grunge,1
2018,ValorantCompetitive,2
2019,Aberdeen,1
2020,policeuk,2
2021,Bath,2
2022,spongebob,1
2023,JuicyNewsNetwork,1
2024,dishonored,1
2025,UnexpectedJoJo,2
2026,thegrandtour,2
2027,hoi4,1
2028,brdev,1
2029,AbandonedPorn,2
2030,TheBoopTroop,1
2031,HentaiBreeding,1
2032,falcons,1
2033,CoronavirusAustralia,1
2034,fnaftheories,1
2035,residentevil,2
2036,ihadastroke,2
2037,DankExchange,1
2038,MurderedByWords,2
2039,fcs,1
2040,Vermintide,1
2041,shockwaveporn,1
2042,AwardBonanza,1
2043,AMDHelp,1
2044,ShittyMapPorn,1
2045,NYKnicks,1
2046,IBO,1
2047,ExpectationVsReality,1
2048,karma4karma,1
2049,AskAChristian,1
2050,Dodgers,2
2051,u_anrde-was-taken,1
2052,NoMansSkyTheGame,1
2053,BloonsTDBattles,1
2054,TapoutKing,1
2055,mildlyvagina,2
2056,GermanRap,1
2057,mountaindew,1
2058,peachykeenocean,1
2059,asklatinamerica,2
2060,DeathNoteMemes,1
2061,TopGear,1
2062,EggsInc,1
2063,AffectionateNSFW,1
2064,totalwarhammer,1
2065,CrackheadCraigslist,1
2066,SuddenlyGay,1
2067,namestuffs,1
2068,tickling,1
2069,Noellemains,1
2070,CommunismMemes,1
2071,shittyaskscience,1
2072,SonsOfTheForest,1
2073,Guildwars2,1
2074,reddevils,1
2075,SeikoMods,1
2076,YAPms,1
2077,wlu,1
2078,antifastonetoss,1
2079,ShittyShittyRainbow6,1
2080,COMPLETEANARCHY,1
2081,Belgium2,1
2082,wastelandwarfare,1
2083,starcitizen_refunds,1
2084,RandomQuestion,1
2085,shib,1
2086,shittyrainbow6,1
2087,photocritique,1
2088,BONKpatrol,1
2089,boardgamescirclejerk,1
2090,washingtondc,1
2091,u_Grace-Music,1
2092,Flyers,1
2093,AdviceAnimals,3
2094,menwritingwomen,1
2095,SpaceXLounge,1
2096,ukdrill,2
2097,pathofexile,1
2098,BeamNG,1
2099,AusFinance,1
2100,pakistan,1
2101,datascience,1
2102,Retconned,1
2103,TumblrInAction,1
2104,LakkoPostaukset,1
2105,SarmsNeedPct,1
2106,ShadowFightArena,1
2107,arcticmonkeys,1
2108,u_AquaVolt07,1
2109,Qult_Headquarters,2
2110,Portal,2
2111,BlockmanGo,3
2112,homeassistant,1
2113,Boomerhumour,1
2114,ShitpostXIV,2
2115,MovieDetails,2
2116,DDLC,1
2117,geocaching,1
2118,dragonquest,1
2119,depression_memes,1
2120,CompetitiveForHonor,1
2121,darussianbadger,1
2122,Office365,1
2123,financije,1
2124,TRTL,1
2125,forsen,1
2126,creepyencounters,1
2127,WoTshow,1
2128,jovemnerd,1
2129,JuniorDoctorsUK,1
2130,shieldbro,1
2131,DebateVaccines,1
2132,HEB,1
2133,atheism,1
2134,GamingLaptops,2
2135,dogmemes,1
2136,solarpunk,1
2137,nonutnovember,9
2138,flowers,1
2139,u_Altruistic-Singer_,1
2140,BUENZLI,1
2141,nura8a8y,1
2142,TelegramStickersShare,1
2143,lgbtmemes,1
2144,LiverpoolFC,2
2145,PokemonMasters,1
2146,sabaton,1
2147,notredamefootball,1
2148,college,1
2149,lesbiansquirting,1
2150,Ubuntu,1
2151,Anarcho_Capitalism,1
2152,steelers,1
2153,Gangstalking,1
2154,Whang,1
2155,ripcity,1
2156,u_Oura_Official,1
2157,kakav420,1
2158,warthundermemes,1
2159,nfrealmusic,1
2160,MaliciousCompliance,2
2161,GreekMythology,1
2162,Antipsychiatry,1
2163,NCSU,2
2164,dxm,1
2165,diablo3,1
2166,springfieldMO,1
2167,HappsMusic,2
2168,VRchat,1
2169,unket,1
2170,donthelpjustfilm,1
2171,Realme,1
2172,ForgottenBookmarks,1
2173,KSPMemes,2
2174,hiphop101,1
2175,ItalyMotori,1
2176,legostarwars,1
2177,redscarepod,1
2178,rbtv_cj,1
2179,CelebrityBelly,1
2180,martialarts,1
2181,reddeadfashion,1
2182,truscum,2
2183,u_luckybrandofficial,2
2184,u_getpozio,1
2185,foundsatan,1
2186,Embroidery,1
2187,USMC,1
2188,VaushV,2
2189,2Asia4u,1
2190,Crypto_com,1
2191,antiassholedesign,1
2192,notliketheothergirls,2
2193,Denver,1
2194,javascript,1
2195,ForcedBiHypno,1
2196,FireEmblemThreeHouses,1
2197,LisaGaming,1
2198,myfavoritemurder,1
2199,PizzaCrimes,2
2200,TPoseMemes,1
2201,Milfie,1
2202,Overwatch_Porn,1
2203,Offensivejokes,2
2204,CatsAreAssholes,1
2205,AEWOfficial,1
2206,ScienceNcoolThings,1
2207,FTC,1
2208,ZargoryanGalaksisi,1
2209,Zippo,1
2210,OnlyfansHotChicks,1
2211,theouterworlds,1
2212,naughtydog,1
2213,Temple,1
2214,Meme_Battles,1
2215,calvinandhobbes,2
2216,OnePieceTC,1
2217,FiftyFifty,1
2218,LegacyJailbreak,1
2219,u_FunnyBones93722,1
2220,Eddsworld,1
2221,AdamNeely,1
2222,5ToubunNoHanayome,1
2223,197,1
2224,LivvyDunneNSFW,1
2225,u_experiencevolta,1
2226,CursedAds,1
2227,u_cafermed,3
2228,u_spacestoryteller,1
2229,ikeahacks,1
2230,u_Oxy_now,1
2231,u_AsianMartOffical,3
2232,hoggit,1
2233,suddenlybi,1
2234,TranscribersOfReddit,1
2235,Machinists,1
2236,shittyhalolore,1
2237,CityMorgue,1
2238,Wishstock,1
2239,Simpsons_Porn,1
2240,Military,1
2241,u_Startselect_com,3
2242,Hedera,1
2243,urmom,1
2244,Superbowl,1
2245,NewGirl,1
2246,u_Instant-Gaming,1
2247,nes,1
2248,guitarcirclejerk,1
2249,southafrica,1
2250,ThatLookedExpensive,3
2251,u_WebtoonFactory,1
2252,u_SEIU_Org,1
2253,okkolegauposledzony,1
2254,CapitalismSux,1
2255,beastboyshub,1
2256,techsupport,1
2257,Hairpulling,1
2258,amphibia,1
2259,lostarkgame,2
2260,u_RepostSIeuth,1
2261,raisedbynarcissists,1
2262,Not_Red_Fox,1
2263,thresholdnetwork,1
2264,LifeofBoris,1
2265,ems,1
2266,AsbestosRemovalMemes,1
2267,90scartoons,1
2268,RedditRacconta,1
2269,BestofRedditorUpdates,1
2270,bearsdoinghumanthings,2
2271,TarkovMemes,1
2272,forza,2
2273,CoolReddit96,1
2274,u_CenterfoldConcierge,1
2275,Genshin_Lore,1
2276,TanmayBhatKeDost,1
2277,u_risalatc,1
2278,PokemonUnite,1
2279,araragi,1
2280,ghnmemes,1
2281,Cuckik,1
2282,Slipknot,1
2283,PokerStars_VR,1
2284,FashionItaly,1
2285,AirsoftFatty,1
2286,QuestPiracy,1
2287,economy,1
2288,Roofing,1
2289,beetlejuicing,1
2290,TiviMate,1
2291,BlueArchive,1
2292,hacking,2
2293,KrazyRabb1t,1
2294,ProtectAndServe,1
2295,NZXT,1
2296,Audiomemes,1
2297,christianmemes,1
2298,Hardtailgang,1
2299,overlanding,1
2300,rpg,1
2301,istp,1
2302,DesirePath,1
2303,Twitch,1
2304,arduino,1
2305,ElderScrolls,2
2306,GenTale,1
2307,GayCreampie,1
2308,Cytus,1
2309,Kitten,1
2310,Hilton,2
2311,Hentai_memes,1
2312,lululemon,1
2313,commentykarma,1
2314,LucasAndJacob,1
2315,Noughties,1
2316,Prematurecelebration,1
2317,GreenBayPackers,2
2318,DannyGonzalez,1
2319,SoulshattersFanmade,1
2320,ApplyingToCollege,2
2321,serbiancringe,1
2322,Abortiondebate,1
2323,Markiplier,1
2324,pengu,1
2325,instantkarma,2
2326,adhdmeme,1
2327,TokyoRevengers,1
2328,BitchImATrain,1
2329,level_advance89738905,1
2330,amishadowbanned,1
2331,StuffOnCats,1
2332,ShitLiberalsSay,1
2333,u_Klaasssa123,1
2334,programminghorror,1
2335,IncrediblesMemes,1
2336,AskGreaterMiddleEast,1
2337,CrazyKnowledge,1
2338,minecraftsuggestions,1
2339,nononono,1
2340,Aarhus,1
2341,u_scruffy1709,1
2342,Drugs,1
2343,farmingsimulator,1
2344,hiddengags,1
2345,wiiu,1
2346,Tacomaworld,1
2347,CalamityMod,3
2348,YourJokeButWorse,1
2349,frugalmalefashion,1
2350,WrestleWithThePlot,1
2351,lego,1
2352,Catculations,1
2353,XboxThemes,1
2354,Shitty_Car_Mods,1
2355,FloridaGators,1
2356,KerbalSpaceProgram,1
2357,ac_newhorizons,1
2358,KULeuven,1
2359,Jaharia,1
2360,Memes_Of_The_Dank,1
2361,UofT,1
2362,wholesomegifs,1
2363,AstralProjection,1
2364,spacefrogs,1
2365,Paleontology,1
2366,SapphoAndHerFriend,1
2367,AmberGang,1
2368,GreatnessOfWrestling,1
2369,usefulredcircle,1
2370,outriders,1
2371,DeepFried,1
2372,SGExams,1
2373,DigitalArt,1
2374,LosAngelesRams,1
2375,CookingCircleJerk,1
2376,buildmeapc,1
2377,ChratosGameplay,1
2378,languagelearningjerk,1
2379,FatherFairestFanclub,1
2380,u_MiximumDennis,1
2381,killteam,1
2382,bandmembers,1
2383,es,1
2384,sexualidade,1
2385,FrankOcean,1
2386,Calgary,1
2387,JustBootThings,1
2388,TF2fashionadvice,1
2389,war,1
2390,uchicago,1
2391,TopDrives,2
2392,Wheatley,1
2393,findthatsong,1
2394,Manangos,1
2395,ethfinance,2
2396,lovejoyband,2
2397,AzertyOfficial,1
2398,SissyHentai,1
2399,MyHeroGirls_Rule34,1
2400,Entomology,1
2401,Bedbugs,1
2402,omegle,1
2403,u_lilsquert,1
2404,thiq_loser,1
2405,collegehockey,1
2406,saskatoon,1
2407,CODMobile,1
2408,TimDillon,1
2409,engrish,1
2410,AllayR34,1
2411,Etsy,1
2412,2Caucasus4you,1
2413,OtomeIsekai,1
2414,cleanmemes,1
2415,desmos,1
2416,u_kaeraz,1
2417,programminghumor,1
2418,HellLetLooseConsole,1
2419,ScottishFootball,1
2420,FUCKYOUINPARTICULAR,1
2421,michaelbaygifs,1
2422,Halloweenmovies,1
2423,sheffield,1
2424,PaymoneyWubby,2
2425,whatisameem,1
2426,Thereverie,1
2427,homelab,1
2428,StandUpComedy,1
2429,smashmemes,3
2430,repost,1
2431,TaylorSwift,1
