S.No,Subreddit,Upvotes,Total Comments,Username,Total Awards,Post id
0,interestingasfuck,57828,812,_Xyreo_,116,s13mk7
1,interestingasfuck,38892,2987,Andrew_gamer36,25,s0yw1u
2,interestingasfuck,34972,448,9999monkeys,17,s0ru9b
3,interestingasfuck,34257,846,fizzywiggles,35,s0vgma
4,interestingasfuck,21873,226,WittyRich,13,s1bs5e
5,nextfuckinglevel,82721,2144,StinkyTofu111,107,s0ykv6
6,nextfuckinglevel,58470,1182,Petaaa,129,s125bn
7,nextfuckinglevel,38454,1200,Noiz2144,158,s175jb
8,nextfuckinglevel,21126,141,caladze,23,s15760
9,nextfuckinglevel,14919,135,Mach1ned_,11,s0slmk
10,pics,79879,4544,Responsible_Flight_8,60,s0uoic
11,pics,50127,2902,Antifa-Lockhart,34,s1ah3n
12,pics,39118,1984,Naththecurious,15,s14f9q
13,pics,9812,522,bottle_of_water69,12,s0wgnh
14,pics,7321,428,Tracer_Bullet1010,0,s13f95
15,aww,66648,482,impetuous_panda,236,s0px0k
16,aww,76442,1120,simplemantr,272,s1ad10
17,aww,60160,523,downriverrowing,111,s0ydco
18,aww,15335,126,9999monkeys,20,s0u5s4
19,aww,7764,92,nostromorises,30,s0xws9
20,funny,74966,797,vbisbest,65,s0zilm
21,funny,59530,971,are_enough,189,s17jgi
22,funny,47504,988,sezdawg7,108,s0uql0
23,funny,41080,1112,Onemendo,65,s0qbr1
24,funny,8526,247,Tokumei_15,15,s18xv0
